Customer ID,F_name,L_name,email,city,state,Accont Created At
1,Jani,Titus,jani.titus@gmail.com,Chicago,Kansas,8/22/2006
2,Lee,Eaker,lee.eaker@gmail.com,Austin,North Carolina,02/04/1981
3,Jason,Simoneau,jason.simoneau@gmail.com,New York,Nevada,6/27/2010
4,Grover,Bayless,grover.bayless@yahoo.com,Austin,Oklahoma,04/03/1992
5,Albertina,Bensen,albertina.bensen@gmail.com,Austin,New Mexico,6/21/2015
6,Drema,Galle,drema.galle@gmail.com,Fort Worth,Wisconsin,10/19/2016
7,Sheryll,Newsome,sheryll.newsome@gmail.com,Charlotte,Hawaii,07/10/2011
8,Bernard,Dewald,bernard.dewald@hotmail.co.uk,Austin,Nebraska,05/11/1995
9,Hilario,Brammer,hilario.brammer@hotmail.com,New York,Missouri,8/25/1998
10,Elizbeth,Raminez,elizbeth.raminez@gmail.com,Seattle,Texas,3/31/2017
11,Robbie,Dinapoli,robbie.dinapoli@yahoo.co.uk,Phoenix,Vermont,03/05/2010
12,Rachell,Murguia,rachell.murguia@hotmail.com,San Diego,Louisiana,8/24/2016
13,Lauran,Mayo,lauran.mayo@gmail.com,Philadelphia,Pennsylvania,7/20/2003
14,Abe,Waymire,abe.waymire@yahoo.ca,Dallas,South Dakota,03/11/1986
15,Lenny,Blount,lenny.blount@apple.com,Columbus,Minnesota,12/22/2005
16,Romeo,Hopps,romeo.hopps@outlook.com,Fort Worth,Florida,1/24/2013
17,Florentino,Stough,florentino.stough@gmail.com,Chicago,Alaska,5/28/2010
18,Harrison,Criss,harrison.criss@yahoo.com,Washington,Tennessee,1/17/2003
19,Micah,Coutee,micah.coutee@gmail.com,New York,New Hampshire,07/12/2004
20,Wallace,Henrich,wallace.henrich@yahoo.com,Washington,Alabama,11/10/2015
21,Darrin,Heyer,darrin.heyer@yahoo.co.in,Seattle,Nebraska,1/29/2012
22,Antione,Crawley,antione.crawley@exxonmobil.com,Dallas,Oregon,12/29/2016
23,Skye,Roach,skye.roach@outlook.com,Denver,Ohio,12/08/1999
24,Lauren,Fout,lauren.fout@bp.com,Phoenix,Kansas,10/31/2011
25,Heidy,Grantham,heidy.grantham@gmail.com,Austin,Oregon,11/29/2003
26,Gigi,Vuong,gigi.vuong@apple.com,Houston,Colorado,3/13/2015
27,Buster,Barnaby,buster.barnaby@gmail.com,Phoenix,North Dakota,07/09/2012
28,Ward,Pugh,ward.pugh@ibm.com,San Francisco,Colorado,03/08/2017
29,Marvin,Colombo,marvin.colombo@apple.com,New York,Oklahoma,12/12/2001
30,Hector,Olin,hector.olin@yahoo.com,Charlotte,Texas,05/11/1998
31,Emile,Nicastro,emile.nicastro@gmail.com,Chicago,Alabama,5/31/2011
32,Horacio,Cyphers,horacio.cyphers@hotmail.co.uk,San Antonio,Minnesota,01/01/2008
33,Pamella,Kenney,pamella.kenney@msn.com,Columbus,New Hampshire,11/24/2016
34,Daniell,Gendron,daniell.gendron@gmail.com,Washington,Massachusetts,9/25/2009
35,Leon,Gass,leon.gass@shell.com,Fort Worth,Arizona,8/31/1998
36,Dorene,Wetherby,dorene.wetherby@ibm.com,Chicago,Minnesota,9/24/2011
37,Dreama,Fabiano,dreama.fabiano@comcast.net,San Jose,Maine,07/09/2015
38,Gavin,Landaverde,gavin.landaverde@outlook.com,Los Angeles,Maryland,08/12/2016
39,Kelvin,Vigue,kelvin.vigue@yahoo.com,San Francisco,North Carolina,04/12/2009
40,Arturo,Mattia,arturo.mattia@gmail.com,Fort Worth,Tennessee,3/19/1993
41,Sherron,Puls,sherron.puls@rediffmail.com,San Antonio,Colorado,1/28/2002
42,Marge,Croom,marge.croom@aol.com,Jacksonville,Rhode Island,9/26/2007
43,Yong,Flanigan,yong.flanigan@ntlworld.com,Chicago,Texas,2/24/2000
44,Veola,Swofford,veola.swofford@walmart.com,Dallas,Massachusetts,04/02/2017
45,Jermaine,Webre,jermaine.webre@hotmail.com,Phoenix,Massachusetts,09/08/1999
46,Alejandro,Bodner,alejandro.bodner@yahoo.co.in,Houston,Colorado,8/15/2010
47,Allan,Scrivner,allan.scrivner@gmail.com,San Francisco,Arkansas,12/06/2013
48,Daniel,Mcrae,daniel.mcrae@gmail.com,Philadelphia,Delaware,06/01/2012
49,Haywood,Gerdes,haywood.gerdes@sbcglobal.net,Houston,Georgia,5/15/2005
50,Margarito,Biermann,margarito.biermann@yahoo.co.in,San Francisco,Minnesota,09/01/2014
51,Gearldine,Shaeffer,gearldine.shaeffer@yahoo.com,Austin,Idaho,5/20/1988
52,Doyle,Mccusker,doyle.mccusker@gmail.com,Austin,Connecticut,5/19/2016
53,Brianne,Hatmaker,brianne.hatmaker@hotmail.co.uk,Columbus,Maine,11/08/2015
54,Phillip,Cowling,phillip.cowling@aol.com,Phoenix,Oregon,1/14/1992
55,Colton,Gardener,colton.gardener@gmail.com,Denver,Vermont,11/28/1991
56,Sharice,Robicheaux,sharice.robicheaux@gmail.com,Columbus,Missouri,5/24/1991
57,Daniell,Goodale,daniell.goodale@yahoo.com,Charlotte,Massachusetts,01/09/2017
58,Shawna,Emanuel,shawna.emanuel@gmail.com,Austin,Kansas,06/01/2016
59,Simonne,Trogdon,simonne.trogdon@aol.com,Denver,Delaware,5/15/2011
60,Fran,Fleet,fran.fleet@ibm.com,San Diego,Illinois,08/11/2012
61,Devon,Holter,devon.holter@bp.com,San Jose,Idaho,05/10/1991
62,Winnifred,Finger,winnifred.finger@charter.net,San Antonio,Missouri,12/05/2011
63,Marjorie,Delaune,marjorie.delaune@earthlink.net,Austin,Massachusetts,10/13/2010
64,Karol,Micco,karol.micco@hotmail.com,Philadelphia,Idaho,9/22/2007
65,Domingo,Haider,domingo.haider@microsoft.com,San Antonio,Ohio,3/27/2004
66,Lenard,Sweitzer,lenard.sweitzer@yahoo.ca,Indianapolis,Hawaii,03/10/1987
67,Wyatt,Proper,wyatt.proper@ibm.com,San Antonio,Ohio,4/27/1999
68,Mauricio,Roper,mauricio.roper@bellsouth.net,Fort Worth,Texas,11/27/2006
69,Noriko,Schuster,noriko.schuster@hotmail.com,Charlotte,Nebraska,10/28/2013
70,Dona,Dunford,dona.dunford@gmail.com,Austin,Georgia,5/23/2004
71,Danna,Yeary,danna.yeary@gmail.com,Philadelphia,Nevada,02/09/2004
72,Trent,Riggio,trent.riggio@yahoo.com,San Jose,Wisconsin,5/26/2011
73,Duane,Schweizer,duane.schweizer@shaw.ca,New York,Mississippi,2/26/1995
74,Freda,Fitz,freda.fitz@comcast.net,Houston,Virginia,3/26/2009
75,Jay,Till,jay.till@yahoo.co.in,Charlotte,Minnesota,12/06/2005
76,Lyndon,Budde,lyndon.budde@gmail.com,Washington,Arkansas,8/27/1992
77,Kendrick,Mcelveen,kendrick.mcelveen@verizon.net,Austin,Vermont,3/13/2006
78,Veronique,Schilling,veronique.schilling@hotmail.co.uk,Austin,Vermont,9/20/2009
79,Evelin,Verduzco,evelin.verduzco@btinternet.com,San Diego,New York,9/27/2016
80,Lavette,Perron,lavette.perron@ibm.com,Washington,Arkansas,07/05/2017
81,Danial,Mattern,danial.mattern@gmail.com,Fort Worth,Oklahoma,08/10/2007
82,Amada,Shingleton,amada.shingleton@hotmail.com,Chicago,New Hampshire,05/09/2008
83,Fausto,Otterson,fausto.otterson@hotmail.com,Philadelphia,Connecticut,10/03/2016
84,Marilu,Moring,marilu.moring@btinternet.com,Charlotte,Iowa,10/05/2008
85,Juan,Meredith,juan.meredith@gmail.com,Indianapolis,Kentucky,12/19/1997
86,Chung,Lauer,chung.lauer@gmail.com,Houston,Alabama,4/20/2017
87,Verla,Jarrard,verla.jarrard@cox.net,New York,Oregon,01/05/2002
88,Hope,Paiva,hope.paiva@gmail.com,San Diego,Ohio,1/29/2013
89,Anthony,Ring,anthony.ring@aol.com,Denver,South Carolina,5/18/1998
90,Irina,Wegman,irina.wegman@comcast.net,Fort Worth,Massachusetts,4/28/2017
91,Sheba,Corley,sheba.corley@hotmail.com,Houston,Virginia,6/24/2014
92,Antione,Lui,antione.lui@gmail.com,Dallas,Nevada,5/18/2002
93,Heriberto,Lemay,heriberto.lemay@sbcglobal.net,Seattle,Michigan,09/03/2000
94,Lacy,Stead,lacy.stead@aol.com,New York,Montana,04/09/1991
95,Anderson,Dickerson,anderson.dickerson@cox.net,New York,Kentucky,8/25/2016
96,Randolph,Hefley,randolph.hefley@rediffmail.com,Austin,New Hampshire,7/24/2008
97,Melisa,Aleshire,melisa.aleshire@shell.com,Houston,North Dakota,05/03/2013
98,Chang,Ceaser,chang.ceaser@yahoo.com,San Diego,Mississippi,06/11/2016
99,Brad,Mizelle,brad.mizelle@gmail.com,Houston,Missouri,4/24/2011
100,Hedwig,Westberg,hedwig.westberg@yahoo.com,Philadelphia,Oregon,11/11/2009
101,Rodger,Lepage,rodger.lepage@gmail.com,Columbus,Nebraska,1/31/2012
102,Arletha,Brackin,arletha.brackin@yahoo.com,Chicago,Illinois,5/23/2016
103,William,Marston,william.marston@cox.net,San Antonio,Virginia,5/15/2008
104,Cary,Kittrell,cary.kittrell@aol.com,Seattle,Wisconsin,09/01/2002
105,Demetrius,Tussey,demetrius.tussey@gmail.com,Philadelphia,Alaska,08/08/2002
106,Bernardo,Smathers,bernardo.smathers@yahoo.ca,Philadelphia,Oregon,6/18/2008
107,Brandi,Barney,brandi.barney@gmail.com,Los Angeles,Alabama,7/21/2004
108,Kieth,Sterling,kieth.sterling@aol.com,San Jose,Connecticut,10/17/2006
109,Marianna,Cheshire,marianna.cheshire@gmail.com,Jacksonville,Hawaii,4/14/1998
110,Troy,Storie,troy.storie@gmail.com,Charlotte,Hawaii,08/09/2016
111,Isaiah,Whipkey,isaiah.whipkey@btinternet.com,San Jose,Illinois,12/28/2006
112,Georgia,Mathias,georgia.mathias@gmail.com,San Francisco,Nebraska,1/16/2014
113,Cesar,Echols,cesar.echols@gmail.com,Washington,Alabama,11/21/2009
114,Samara,Mccorkle,samara.mccorkle@hotmail.com,San Jose,New Hampshire,5/27/1991
115,Alana,Viens,alana.viens@apple.com,San Antonio,Maryland,05/04/2015
116,Chasity,Heine,chasity.heine@yahoo.com,Columbus,Hawaii,06/08/2014
117,Renato,Avila,renato.avila@btinternet.com,Philadelphia,Montana,6/28/2015
118,Norman,Worthley,norman.worthley@yahoo.com,Phoenix,New Hampshire,11/19/2011
119,Rutha,Sharkey,rutha.sharkey@hotmail.co.uk,San Jose,Wisconsin,5/17/2014
120,Alfonso,Jesse,alfonso.jesse@earthlink.net,Fort Worth,Arkansas,10/08/2002
121,Bethany,Prioleau,bethany.prioleau@gmail.com,Phoenix,Arizona,07/07/1993
122,Marisa,Farrel,marisa.farrel@hotmail.com,Fort Worth,North Carolina,1/20/2000
123,Kendrick,Stacks,kendrick.stacks@hotmail.com,Chicago,Arizona,7/30/1993
124,Jaimie,Pancoast,jaimie.pancoast@shell.com,Houston,Indiana,10/03/2011
125,Prudence,Younger,prudence.younger@aol.com,San Jose,Utah,5/21/2013
126,Raina,Mower,raina.mower@gmail.com,Austin,Iowa,11/06/1993
127,Alec,Gall,alec.gall@aol.com,Seattle,Mississippi,11/30/2008
128,Les,Pate,les.pate@walmart.com,Seattle,Washington,12/29/2016
129,Reynaldo,Pando,reynaldo.pando@aol.com,Dallas,Hawaii,10/10/2013
130,Alfonso,Moreland,alfonso.moreland@hotmail.com,Los Angeles,Minnesota,10/25/1999
131,Sadye,Duchene,sadye.duchene@outlook.com,Charlotte,Texas,11/25/2011
132,Cayla,Sherlock,cayla.sherlock@gmail.com,San Diego,South Carolina,09/12/1997
133,Stephan,Starkey,stephan.starkey@gmail.com,Seattle,Delaware,3/22/2014
134,Chris,Pollman,chris.pollman@ntlworld.com,San Francisco,New Hampshire,5/25/2000
135,Jayme,Fetter,jayme.fetter@aol.com,Los Angeles,Georgia,02/08/2007
136,Melanie,Lady,melanie.lady@ibm.com,Denver,Washington,08/03/1999
137,Dollie,Kitson,dollie.kitson@gmail.com,Columbus,Oklahoma,10/07/1997
138,Elfreda,Vass,elfreda.vass@cox.net,Denver,Alaska,11/14/2009
139,Dede,Maser,dede.maser@aol.com,San Antonio,Maine,06/03/2004
140,Carson,Taube,carson.taube@gmail.com,San Diego,Connecticut,8/30/2010
141,Albert,Rarick,albert.rarick@gmail.com,Jacksonville,Arkansas,06/11/1994
142,Refugia,Zalewski,refugia.zalewski@gmail.com,Chicago,Utah,7/31/2016
143,Jayne,Rachel,jayne.rachel@microsoft.com,Austin,Idaho,9/24/2005
144,Evie,Mondy,evie.mondy@bellsouth.net,Austin,California,10/20/2006
145,Maida,Ned,maida.ned@gmail.com,San Diego,Wyoming,7/16/2010
146,Ying,Royalty,ying.royalty@yahoo.com,Philadelphia,North Dakota,12/05/2012
147,Reginald,Main,reginald.main@gmail.com,New York,Hawaii,4/26/2015
148,Lavern,Mcbee,lavern.mcbee@gmail.com,Denver,Wyoming,5/16/2002
149,Ira,Sawyers,ira.sawyers@exxonmobil.com,San Francisco,Kentucky,5/17/2009
150,Trudy,Marek,trudy.marek@hotmail.com,San Jose,Missouri,01/06/2005
151,Sabra,Aichele,sabra.aichele@verizon.net,Dallas,Delaware,8/15/2014
152,Elwanda,Tennyson,elwanda.tennyson@gmail.com,San Francisco,Delaware,01/02/2009
153,Major,Gelman,major.gelman@aol.com,New York,Arizona,7/14/2002
154,Amado,Leaf,amado.leaf@yahoo.com,San Diego,Missouri,8/17/2012
155,Randall,Briner,randall.briner@earthlink.net,Seattle,Arkansas,10/15/1991
156,Leonard,Marley,leonard.marley@sbcglobal.net,Phoenix,New York,6/15/2017
157,Anita,Boatman,anita.boatman@yahoo.com,Washington,Nebraska,5/22/2017
158,Markus,Shield,markus.shield@walmart.com,Dallas,Louisiana,03/07/2017
159,Yolande,Gile,yolande.gile@microsoft.com,Phoenix,Louisiana,02/06/2017
160,Joelle,Tincher,joelle.tincher@gmail.com,Fort Worth,California,11/10/2014
161,Garrett,Donovan,garrett.donovan@aol.com,Jacksonville,Arkansas,2/16/2003
162,Caitlyn,Bumgarner,caitlyn.bumgarner@aol.com,Philadelphia,Ohio,2/23/2011
163,Leanne,Steinman,leanne.steinman@yahoo.co.in,Charlotte,Oregon,12/06/1984
164,Mauro,Finnerty,mauro.finnerty@hotmail.com,Los Angeles,New York,07/03/1996
165,Ali,Longoria,ali.longoria@gmail.com,San Jose,Florida,03/03/2001
166,Oliver,Reay,oliver.reay@gmail.com,San Diego,Hawaii,1/29/2014
167,Kyle,Au,kyle.au@hotmail.com,San Jose,Oregon,05/01/2014
168,Livia,Mathers,livia.mathers@charter.net,Austin,Iowa,2/17/2014
169,Fumiko,Alvardo,fumiko.alvardo@sbcglobal.net,Fort Worth,Arizona,3/30/2015
170,Suzanne,Dicarlo,suzanne.dicarlo@gmail.com,Chicago,Florida,9/29/2002
171,Sol,Nehls,sol.nehls@hotmail.co.uk,Denver,Nevada,08/01/1994
172,Michal,Sturtevant,michal.sturtevant@btinternet.com,Austin,Washington,10/06/1995
173,Rene,Carty,rene.carty@hotmail.com,Fort Worth,Arizona,08/12/2011
174,Ryan,Mulkey,ryan.mulkey@aol.com,Columbus,New Mexico,11/27/1999
175,Bret,Schulz,bret.schulz@gmail.com,Jacksonville,Maine,4/15/1998
176,Stan,Hong,stan.hong@gmail.com,San Francisco,Florida,06/07/2014
177,Taylor,Mccready,taylor.mccready@aol.com,Washington,New York,3/24/2005
178,Carol,Speight,carol.speight@walmart.com,San Antonio,Massachusetts,12/26/1998
179,Katrina,Tanguay,katrina.tanguay@yahoo.com,Columbus,Virginia,9/17/2015
180,Angelita,Ingersoll,angelita.ingersoll@yahoo.ca,San Antonio,Ohio,7/27/2017
181,Lance,Slade,lance.slade@yahoo.com,Dallas,Maryland,8/23/2001
182,Werner,Ransome,werner.ransome@gmail.com,Austin,Iowa,02/08/1994
183,Jamie,Strother,jamie.strother@gmail.com,San Jose,Oklahoma,10/11/2016
184,Mao,Marzano,mao.marzano@hotmail.com,Charlotte,North Carolina,7/15/2011
185,Tenesha,Coppedge,tenesha.coppedge@gmail.com,Chicago,Nebraska,07/07/1985
186,Joseph,Canavan,joseph.canavan@aol.com,Seattle,Utah,2/27/1990
187,Darnell,Tweedy,darnell.tweedy@yahoo.com,San Diego,Mississippi,5/18/2017
188,Akilah,Mccaffrey,akilah.mccaffrey@microsoft.com,Washington,Ohio,01/05/2017
189,Alvaro,Harper,alvaro.harper@yahoo.com,Indianapolis,North Dakota,01/11/2002
190,Concha,Harbour,concha.harbour@aol.com,Dallas,New York,10/19/2015
191,Stevie,Farren,stevie.farren@gmail.com,Phoenix,Utah,03/08/1983
192,Santiago,Ridout,santiago.ridout@aol.com,San Jose,California,10/31/2013
193,Zora,Rodas,zora.rodas@gmail.com,San Jose,Louisiana,10/13/2010
194,Carrol,Shumake,carrol.shumake@gmail.com,Austin,South Dakota,04/05/2009
195,Tanner,Kenney,tanner.kenney@btinternet.com,Philadelphia,Louisiana,02/04/2016
196,Tad,Crader,tad.crader@yahoo.co.uk,Washington,Florida,02/07/1995
197,Leonel,Binford,leonel.binford@gmail.com,Houston,Louisiana,6/26/2013
198,Emory,Pulido,emory.pulido@sbcglobal.net,Chicago,Ohio,5/25/2015
199,Jessie,Largent,jessie.largent@aol.com,Chicago,Kentucky,8/26/2016
200,Divina,Ornellas,divina.ornellas@earthlink.net,Houston,Ohio,5/25/1987
201,Daniell,Otis,daniell.otis@walmart.com,Philadelphia,Maine,1/25/2016
202,Elijah,Channell,elijah.channell@charter.net,Washington,New Hampshire,5/18/2007
203,Birgit,Sholar,birgit.sholar@gmail.com,Seattle,Florida,9/14/1999
204,Gino,Linke,gino.linke@hotmail.co.uk,Washington,Pennsylvania,7/28/1998
205,Alonzo,Whitford,alonzo.whitford@gmail.com,Charlotte,Nebraska,2/25/2016
206,Lien,Buswell,lien.buswell@aol.com,Denver,Delaware,07/07/2008
207,Brent,Kitterman,brent.kitterman@aol.com,San Jose,Maine,3/15/2015
208,Makeda,Watlington,makeda.watlington@yahoo.com,Fort Worth,South Carolina,6/19/1998
209,Leslie,Pizano,leslie.pizano@walmart.com,Washington,Maine,12/07/2008
210,Antonietta,Waldschmidt,antonietta.waldschmidt@hotmail.com,Dallas,Connecticut,3/22/2016
211,Sue,Fallis,sue.fallis@ibm.com,Charlotte,Kansas,04/12/2017
212,Abe,Crabb,abe.crabb@gmail.com,Washington,Missouri,09/02/2016
213,Reed,Caverly,reed.caverly@ibm.com,San Francisco,New York,05/11/2015
214,Christeen,Nye,christeen.nye@yahoo.com,Fort Worth,Nebraska,11/13/1998
215,Nicholas,Gibbon,nicholas.gibbon@hotmail.com,Philadelphia,Nevada,5/19/2017
216,Lavon,Peach,lavon.peach@hotmail.com,Fort Worth,West Virginia,11/10/2016
217,Tatum,Dames,tatum.dames@hotmail.com,San Antonio,Alaska,07/05/2010
218,Deane,Charles,deane.charles@aol.com,San Francisco,Illinois,12/02/2008
219,Blaine,Saladin,blaine.saladin@gmail.com,San Francisco,Ohio,1/25/2005
220,Ivory,Elam,ivory.elam@gmail.com,Dallas,Ohio,7/20/2011
221,Sanjuanita,Willcox,sanjuanita.willcox@outlook.com,Indianapolis,Ohio,5/25/2011
222,Shirl,Pair,shirl.pair@yahoo.com,Charlotte,Idaho,11/11/2016
223,Joline,Sanson,joline.sanson@hotmail.com,Charlotte,Iowa,12/24/1989
224,Lucia,Senecal,lucia.senecal@shaw.ca,Dallas,Georgia,07/06/2007
225,Jarrod,Wilkes,jarrod.wilkes@comcast.net,Philadelphia,Ohio,02/09/2014
226,Ferne,Mccrory,ferne.mccrory@gmail.com,Denver,Louisiana,07/02/2012
227,Odell,Tannenbaum,odell.tannenbaum@yahoo.com,San Jose,Idaho,4/25/2003
228,Dusty,Vieira,dusty.vieira@shaw.ca,Columbus,Rhode Island,2/16/1999
229,Kyoko,Boulanger,kyoko.boulanger@shaw.ca,Chicago,Iowa,04/08/2007
230,Oscar,Alphin,oscar.alphin@yahoo.com,Phoenix,South Dakota,9/23/2016
231,Brett,Stevenson,brett.stevenson@yahoo.com,New York,Michigan,11/04/2016
232,Matthew,Schram,matthew.schram@yahoo.ca,New York,Nebraska,03/09/2013
233,Susanna,Ketcham,susanna.ketcham@bp.com,Chicago,Virginia,9/15/2015
234,Helaine,Sonntag,helaine.sonntag@aol.com,Charlotte,Missouri,07/06/2003
235,Tiesha,Feltner,tiesha.feltner@verizon.net,Chicago,Minnesota,03/11/2015
236,Alec,Battles,alec.battles@shaw.ca,Charlotte,New Jersey,7/13/2016
237,Lelah,Winner,lelah.winner@hotmail.co.uk,Fort Worth,Oregon,5/23/1999
238,Reinaldo,Hartigan,reinaldo.hartigan@bellsouth.net,Fort Worth,Maine,01/11/2004
239,Takako,Spillane,takako.spillane@gmail.com,New York,South Carolina,2/27/2015
240,Gail,Eide,gail.eide@yahoo.com,Washington,Oregon,11/19/2010
241,Emmett,Swift,emmett.swift@bellsouth.net,Columbus,Illinois,11/12/2016
242,Cammy,Peet,cammy.peet@hotmail.com,Chicago,Kansas,02/07/2007
243,Jena,Perrin,jena.perrin@hotmail.com,Columbus,Maryland,09/10/1997
244,Derek,Mossman,derek.mossman@aol.com,Indianapolis,Washington,5/17/1998
245,Quyen,Silver,quyen.silver@gmail.com,Phoenix,South Carolina,11/19/2003
246,Jerrold,Board,jerrold.board@btinternet.com,Jacksonville,Kentucky,2/21/2017
247,Reginald,Horne,reginald.horne@gmail.com,San Jose,Kentucky,03/07/2004
248,Shavonda,Gutowski,shavonda.gutowski@gmail.com,San Diego,Tennessee,08/08/1990
249,Basil,Deitch,basil.deitch@walmart.com,Chicago,Tennessee,4/21/1988
250,Marita,Choe,marita.choe@gmail.com,Los Angeles,Vermont,05/08/2001
251,Rene,Blanch,rene.blanch@gmail.com,Austin,Texas,8/19/2006
252,Terri,Peyton,terri.peyton@msn.com,Dallas,Maryland,04/03/1999
253,Tama,Barr,tama.barr@btinternet.com,Houston,Colorado,5/14/2004
254,Myriam,Hoppe,myriam.hoppe@walmart.com,New York,Alaska,1/31/2007
255,Gavin,Shipley,gavin.shipley@gmail.com,Houston,Massachusetts,01/03/2016
256,Trula,Monzon,trula.monzon@gmail.com,San Antonio,Maryland,09/03/2016
257,Curt,Carpio,curt.carpio@yahoo.co.in,Denver,Washington,11/05/2001
258,Bridgett,Everts,bridgett.everts@charter.net,Los Angeles,Utah,10/04/2002
259,Thanh,Kirkendall,thanh.kirkendall@hotmail.com,Austin,South Dakota,09/10/2011
260,Merrill,Sayler,merrill.sayler@aol.com,Philadelphia,Michigan,08/09/2012
261,Deja,Milewski,deja.milewski@btinternet.com,Los Angeles,Illinois,6/17/2017
262,Reuben,Sproles,reuben.sproles@shell.com,Denver,West Virginia,05/05/2004
263,Evangeline,Paquin,evangeline.paquin@gmail.com,San Francisco,Maryland,10/06/1993
264,Kris,Dimas,kris.dimas@hotmail.com,San Francisco,Oregon,11/19/2010
265,Kenyetta,Gregory,kenyetta.gregory@msn.com,Chicago,New Hampshire,3/27/2003
266,Millard,Rawson,millard.rawson@msn.com,Denver,Washington,10/04/1990
267,George,Fearon,george.fearon@sbcglobal.net,Seattle,North Carolina,3/27/2013
268,Clint,Ulrey,clint.ulrey@gmail.com,Jacksonville,Michigan,1/21/2013
269,Luis,Feathers,luis.feathers@microsoft.com,Los Angeles,Connecticut,04/02/2000
270,Rosalind,Everson,rosalind.everson@hotmail.com,San Diego,Georgia,1/23/2011
271,Rudy,Hickman,rudy.hickman@hotmail.com,Charlotte,Washington,8/13/1999
272,Willetta,Morrisey,willetta.morrisey@verizon.net,San Diego,Alaska,3/29/2016
273,Rosario,Galeano,rosario.galeano@hotmail.com,Dallas,Wisconsin,1/14/2002
274,Karima,Hatchett,karima.hatchett@gmail.com,Fort Worth,Mississippi,1/23/2013
275,Khadijah,Redington,khadijah.redington@aol.com,San Diego,North Carolina,5/23/2011
276,Myrtle,Hanshaw,myrtle.hanshaw@hotmail.com,Jacksonville,Idaho,12/31/2010
277,Nicolle,Sane,nicolle.sane@gmail.com,Seattle,Florida,4/28/2014
278,Vannessa,Steelman,vannessa.steelman@hotmail.com,Houston,North Dakota,3/19/2010
279,Carrol,Gavin,carrol.gavin@gmail.com,Chicago,South Carolina,8/26/2003
280,Forrest,Garren,forrest.garren@gmail.com,Charlotte,Massachusetts,03/04/2010
281,Tommy,Ricardo,tommy.ricardo@aol.com,Indianapolis,Nebraska,04/01/2005
282,Bernardo,Kells,bernardo.kells@gmail.com,Indianapolis,Alabama,12/05/1991
283,Danial,Haun,danial.haun@hotmail.co.uk,Fort Worth,Maine,05/04/2015
284,Jesus,Dufault,jesus.dufault@yahoo.com,San Diego,Ohio,09/01/2010
285,Callie,Rivero,callie.rivero@hotmail.com,San Francisco,South Carolina,05/12/2003
286,Adina,Silvia,adina.silvia@yahoo.com,Seattle,Washington,10/18/2015
287,Ashlea,Bookman,ashlea.bookman@gmail.com,Fort Worth,Florida,03/04/2015
288,Carrol,Czerwinski,carrol.czerwinski@bellsouth.net,Los Angeles,Wyoming,11/11/2016
289,Stewart,Mefford,stewart.mefford@yahoo.com,Austin,Michigan,5/15/2014
290,Oscar,Poulsen,oscar.poulsen@rediffmail.com,Washington,Arizona,12/03/1991
291,Asa,Vetter,asa.vetter@comcast.net,Phoenix,New Mexico,7/26/2017
292,Linn,Todd,linn.todd@bp.com,Chicago,Ohio,08/07/2016
293,Juana,Presler,juana.presler@gmail.com,Columbus,Colorado,12/02/2012
294,Tyson,Weaver,tyson.weaver@hotmail.com,Phoenix,Connecticut,10/11/2016
295,Antonia,Byas,antonia.byas@bp.com,Houston,Montana,12/05/2011
296,Clair,Dildy,clair.dildy@aol.com,Seattle,Louisiana,10/07/2005
297,Jan,Collinson,jan.collinson@aol.com,Jacksonville,Rhode Island,6/14/1991
298,Sidney,Cooperman,sidney.cooperman@yahoo.com,Columbus,North Dakota,6/20/2015
299,Cher,Lansberry,cher.lansberry@yahoo.com,Chicago,Kansas,08/11/2006
300,Robt,Westerman,robt.westerman@hotmail.com,Charlotte,Montana,6/20/2017
301,Carmela,Hefner,carmela.hefner@gmail.com,Indianapolis,Iowa,5/31/2009
302,Renaldo,Oliveira,renaldo.oliveira@comcast.net,San Jose,Massachusetts,5/26/2017
303,Elva,Willis,elva.willis@gmail.com,Denver,California,8/21/2010
304,Porter,Rosenbaum,porter.rosenbaum@aol.com,New York,New Mexico,12/16/2016
305,George,Moose,george.moose@yahoo.com,Chicago,New York,12/27/1996
306,Cyrus,Abney,cyrus.abney@btinternet.com,Houston,Oregon,9/14/2010
307,Elroy,Baughman,elroy.baughman@gmail.com,Phoenix,Wisconsin,11/06/1998
308,Claude,Corbo,claude.corbo@gmail.com,Seattle,Louisiana,3/13/2002
309,Yevette,Straub,yevette.straub@gmail.com,Columbus,Massachusetts,7/22/2013
310,Treva,Quam,treva.quam@yahoo.com,Austin,Indiana,06/09/1999
311,Micaela,Dedmon,micaela.dedmon@rediffmail.com,Seattle,Illinois,8/21/2014
312,Rodney,Duffey,rodney.duffey@walmart.com,San Jose,Alabama,03/08/2002
313,Dalton,Peralez,dalton.peralez@hotmail.com,Fort Worth,Alaska,1/26/2017
314,Sena,Gipson,sena.gipson@gmail.com,Dallas,Ohio,7/19/2000
315,Deidre,Ledoux,deidre.ledoux@hotmail.com,San Jose,Wyoming,2/24/2017
316,Nelida,Boaz,nelida.boaz@gmail.com,San Diego,West Virginia,04/09/2017
317,Alexander,Preas,alexander.preas@apple.com,Houston,Connecticut,05/10/2016
318,Garfield,Mellon,garfield.mellon@gmail.com,San Francisco,Alaska,8/21/2010
319,Autumn,Lichtenstein,autumn.lichtenstein@hotmail.com,San Francisco,Pennsylvania,10/12/2012
320,Veta,Chiles,veta.chiles@hotmail.com,Houston,Ohio,02/08/2017
321,Gussie,Dorrance,gussie.dorrance@aol.com,New York,Rhode Island,3/15/2004
322,Sharita,Barba,sharita.barba@gmail.com,San Diego,California,5/31/2017
323,Kristopher,Palermo,kristopher.palermo@bp.com,Jacksonville,Oregon,10/03/2003
324,Mellisa,Sanches,mellisa.sanches@msn.com,Los Angeles,Rhode Island,3/18/2011
325,April,Bazan,april.bazan@bp.com,San Diego,New Mexico,1/27/2006
326,Arlyne,Cammack,arlyne.cammack@aol.com,Indianapolis,North Dakota,10/16/2002
327,Leonardo,Luse,leonardo.luse@apple.com,Los Angeles,Pennsylvania,7/31/1998
328,Keenan,Sprayberry,keenan.sprayberry@charter.net,Denver,Utah,6/29/2006
329,Tammara,Carreno,tammara.carreno@hotmail.com,San Diego,Virginia,6/19/1989
330,Ulysses,Hayhurst,ulysses.hayhurst@gmail.com,Austin,Indiana,11/24/1995
331,Ranee,Garbutt,ranee.garbutt@msn.com,San Jose,Ohio,1/22/1995
332,Asa,Ewert,asa.ewert@gmail.com,Austin,Texas,2/27/2005
333,Faith,Resnick,faith.resnick@gmail.com,San Antonio,Delaware,1/25/2008
334,Stanton,Topper,stanton.topper@apple.com,Houston,California,8/27/2010
335,Dannielle,Wendling,dannielle.wendling@sbcglobal.net,New York,Iowa,8/14/1986
336,Emma,Ewert,emma.ewert@hotmail.com,New York,South Carolina,11/07/2002
337,Sylvester,Schick,sylvester.schick@gmail.com,Los Angeles,North Carolina,02/06/2006
338,Verline,Adelson,verline.adelson@hotmail.co.uk,Austin,Iowa,06/11/2013
339,Roscoe,Winkleman,roscoe.winkleman@charter.net,Houston,Oregon,10/13/2013
340,Abel,Shropshire,abel.shropshire@gmail.com,Washington,Montana,3/27/2009
341,Alda,Metoyer,alda.metoyer@sbcglobal.net,Dallas,Massachusetts,5/24/1984
342,Felton,Crochet,felton.crochet@hotmail.com,San Diego,Kansas,7/31/2014
343,Reginald,Shugart,reginald.shugart@yahoo.com,Dallas,West Virginia,12/08/1998
344,Toby,Mendenhall,toby.mendenhall@aol.com,Austin,Arizona,09/12/1996
345,Ellis,Betts,ellis.betts@msn.com,Columbus,Iowa,12/27/2009
346,Dori,Milton,dori.milton@gmail.com,New York,Delaware,05/10/2005
347,Len,Plum,len.plum@rediffmail.com,Austin,South Dakota,11/12/2010
348,Loni,Lay,loni.lay@gmail.com,Fort Worth,Nevada,06/11/2016
349,Cameron,Crothers,cameron.crothers@aol.com,Fort Worth,Florida,12/23/2012
350,Alton,Guillaume,alton.guillaume@gmail.com,Los Angeles,New York,8/19/2015
351,Laurence,Stange,laurence.stange@walmart.com,Los Angeles,Michigan,03/12/1985
352,Edwin,Head,edwin.head@yahoo.co.uk,Phoenix,Colorado,09/11/1991
353,Lennie,Eshleman,lennie.eshleman@gmail.com,Los Angeles,Massachusetts,02/07/2015
354,Sherron,Howerton,sherron.howerton@yahoo.ca,Seattle,Rhode Island,11/25/1999
355,Marisol,Burrage,marisol.burrage@hotmail.com,Phoenix,North Carolina,12/22/2015
356,Reynalda,Aden,reynalda.aden@yahoo.com,Seattle,Colorado,05/05/2007
357,Theron,Mccaw,theron.mccaw@microsoft.com,San Jose,Alaska,6/27/2017
358,Everett,Velarde,everett.velarde@gmail.com,San Diego,Utah,09/09/2006
359,Monroe,Constance,monroe.constance@microsoft.com,Indianapolis,Delaware,11/20/2010
360,Danial,Barto,danial.barto@gmail.com,Los Angeles,Massachusetts,7/16/2014
361,Maxwell,Breedlove,maxwell.breedlove@aol.com,Fort Worth,Kansas,3/15/1999
362,Lemuel,Bland,lemuel.bland@outlook.com,Jacksonville,Arkansas,06/08/2010
363,Charlena,Marine,charlena.marine@comcast.net,San Francisco,Hawaii,08/12/2012
364,Coleman,Buckle,coleman.buckle@gmail.com,Indianapolis,Colorado,03/08/2016
365,Rocco,Pettway,rocco.pettway@gmail.com,Charlotte,California,4/13/2002
366,Buck,Stringer,buck.stringer@yahoo.ca,New York,Kansas,7/24/2017
367,Brady,Martinek,brady.martinek@ibm.com,Dallas,Kansas,8/25/2005
368,Margarette,Boles,margarette.boles@gmail.com,San Francisco,Alabama,4/17/2017
369,Alise,Brosnan,alise.brosnan@aol.com,Chicago,Rhode Island,3/25/2005
370,Lester,Babineau,lester.babineau@gmail.com,San Francisco,Massachusetts,04/01/2017
371,Pearline,Szeto,pearline.szeto@gmail.com,San Antonio,North Carolina,10/28/2015
372,Odelia,Veltri,odelia.veltri@yahoo.com,Los Angeles,Montana,12/17/2012
373,Vi,Morelli,vi.morelli@hotmail.com,Phoenix,Missouri,09/12/2014
374,Cherise,Jarrett,cherise.jarrett@ntlworld.com,San Antonio,Tennessee,2/20/2016
375,Mayola,Hamer,mayola.hamer@gmail.com,Columbus,South Carolina,7/31/2004
376,Frank,Cubbage,frank.cubbage@hotmail.com,San Antonio,Texas,5/21/2001
377,Norris,Mendoza,norris.mendoza@yahoo.com,Seattle,Massachusetts,7/18/2014
378,Ching,Cronin,ching.cronin@yahoo.com,Dallas,North Dakota,10/20/2010
379,Reina,Nease,reina.nease@verizon.net,San Diego,Oklahoma,11/12/2012
380,Vern,Robichaux,vern.robichaux@verizon.net,San Antonio,Vermont,02/12/2004
381,Clark,Deshong,clark.deshong@ibm.com,Seattle,Arizona,11/13/2011
382,Wan,Jacobo,wan.jacobo@btinternet.com,Houston,Utah,02/11/2017
383,Brent,Gaier,brent.gaier@gmail.com,Washington,South Carolina,3/23/2013
384,Codi,Bradshaw,codi.bradshaw@sbcglobal.net,Denver,Washington,09/11/2011
385,Renetta,Ojeda,renetta.ojeda@sbcglobal.net,San Antonio,Utah,10/26/2015
386,Maryjane,Balls,maryjane.balls@yahoo.com,Philadelphia,Maine,6/25/2009
387,Saul,Pelton,saul.pelton@gmail.com,Indianapolis,Maine,06/10/2008
388,Leopoldo,Schrantz,leopoldo.schrantz@earthlink.net,Jacksonville,Massachusetts,06/09/2007
389,Marion,Mattera,marion.mattera@gmail.com,Austin,South Carolina,12/24/2001
390,Winona,Agin,winona.agin@bellsouth.net,Washington,North Carolina,04/06/2006
391,Palmer,Strothers,palmer.strothers@gmail.com,Dallas,Missouri,04/11/2016
392,Theron,Entwistle,theron.entwistle@gmail.com,Fort Worth,North Carolina,03/04/2013
393,Sheree,Lesher,sheree.lesher@aol.com,Charlotte,North Dakota,03/11/2017
394,Mario,Conde,mario.conde@charter.net,Jacksonville,North Carolina,2/22/2015
395,Exie,Poindexter,exie.poindexter@gmail.com,Chicago,Nevada,08/07/2009
396,Miquel,Maynor,miquel.maynor@ibm.com,Jacksonville,Texas,10/08/2007
397,Dominick,Spray,dominick.spray@gmail.com,Philadelphia,North Carolina,4/28/2015
398,Hobert,Linger,hobert.linger@aol.com,Phoenix,Illinois,08/10/2001
399,Glen,Bucher,glen.bucher@hotmail.com,San Jose,Delaware,08/03/2012
400,Philip,Coulter,philip.coulter@aol.com,Charlotte,Washington,10/28/2007
401,Vern,Jayne,vern.jayne@hotmail.co.uk,Jacksonville,South Dakota,08/12/2007
402,Mirella,Cassidy,mirella.cassidy@btinternet.com,San Jose,Kansas,10/08/2011
403,Ismael,Poulin,ismael.poulin@yahoo.com,Houston,Missouri,11/02/1994
404,Berry,Loman,berry.loman@hotmail.com,Houston,Virginia,8/16/1985
405,Camellia,Abraham,camellia.abraham@walmart.com,Houston,Arizona,5/27/2015
406,Bobby,Meads,bobby.meads@verizon.net,Philadelphia,Alabama,04/03/2017
407,Clifford,Sterner,clifford.sterner@gmail.com,Austin,West Virginia,12/01/1998
408,Amee,Rogers,amee.rogers@gmail.com,Phoenix,Vermont,10/06/2010
409,Nichelle,Shapiro,nichelle.shapiro@hotmail.com,Los Angeles,Mississippi,7/23/1994
410,Brendan,Ozuna,brendan.ozuna@shell.com,Indianapolis,Ohio,4/30/2017
411,Pedro,Coppock,pedro.coppock@gmail.com,Charlotte,Alaska,12/13/2016
412,Antony,Comfort,antony.comfort@sbcglobal.net,Austin,Montana,7/23/2009
413,Pete,Bass,pete.bass@rediffmail.com,Houston,California,7/20/1998
414,Herschel,Calvillo,herschel.calvillo@hotmail.com,Los Angeles,Connecticut,10/24/2015
415,Flo,Wash,flo.wash@verizon.net,Washington,Louisiana,12/28/2006
416,Ray,Winbush,ray.winbush@shell.com,Dallas,Nevada,1/21/2004
417,Marcos,Cowden,marcos.cowden@gmail.com,San Jose,West Virginia,9/20/2015
418,Jospeh,Francis,jospeh.francis@ntlworld.com,Los Angeles,Wyoming,9/24/1997
419,Fletcher,Beecham,fletcher.beecham@gmail.com,Chicago,Minnesota,12/22/2016
420,Jeanett,Bellis,jeanett.bellis@aol.com,Houston,Alaska,4/28/2016
421,Yanira,Kamen,yanira.kamen@gmail.com,Dallas,Ohio,5/28/2006
422,Sylvester,Knox,sylvester.knox@aol.com,Charlotte,Ohio,10/12/2011
423,Keven,Summerfield,keven.summerfield@aol.com,Dallas,Nevada,12/30/2008
424,Gennie,Taveras,gennie.taveras@yahoo.co.in,Jacksonville,Nebraska,7/22/2006
425,Dave,Mccoy,dave.mccoy@yahoo.com,Dallas,Connecticut,11/09/2016
426,Amado,Mika,amado.mika@microsoft.com,Jacksonville,Rhode Island,02/02/2015
427,Annie,Fontanez,annie.fontanez@hotmail.com,Indianapolis,Virginia,6/20/2016
428,Florinda,Livengood,florinda.livengood@hotmail.com,Dallas,North Dakota,04/01/2011
429,Julius,Durbin,julius.durbin@ibm.com,Seattle,Massachusetts,09/08/2010
430,Kristal,Ragin,kristal.ragin@gmail.com,Indianapolis,Nevada,2/24/2010
431,Jacquelynn,Veltri,jacquelynn.veltri@gmail.com,New York,Virginia,2/17/2007
432,Talitha,Friel,talitha.friel@yahoo.co.in,San Diego,West Virginia,9/28/2006
433,Dong,Simons,dong.simons@yahoo.com,Columbus,Vermont,04/09/2003
434,Stephan,Goodin,stephan.goodin@apple.com,San Antonio,Indiana,7/29/2016
435,Ladonna,Guglielmo,ladonna.guglielmo@shell.com,Chicago,Pennsylvania,11/24/2010
436,Alena,Duckworth,alena.duckworth@verizon.net,Jacksonville,Kentucky,12/01/1993
437,Jame,Eberhart,jame.eberhart@yahoo.com,Seattle,North Dakota,08/08/1980
438,Cameron,Gutshall,cameron.gutshall@gmail.com,Denver,Indiana,04/03/2012
439,Isa,Sayers,isa.sayers@walmart.com,Houston,Wyoming,11/13/2012
440,Rene,Lent,rene.lent@hotmail.com,Denver,Washington,06/01/2012
441,Johnson,Bucholz,johnson.bucholz@yahoo.com,Indianapolis,South Dakota,4/28/1995
442,Nereida,Schlosser,nereida.schlosser@ibm.com,San Antonio,Maine,07/07/2015
443,Adalberto,Krull,adalberto.krull@yahoo.com,Indianapolis,North Carolina,04/10/2007
444,Vito,Hooker,vito.hooker@gmail.com,Indianapolis,Wisconsin,7/16/2015
445,Halina,Nourse,halina.nourse@btinternet.com,Philadelphia,California,10/30/2002
446,Palma,Weatherford,palma.weatherford@gmail.com,Dallas,Missouri,9/25/2005
447,Ursula,Rakes,ursula.rakes@rediffmail.com,New York,Indiana,05/10/2016
448,Demetrius,Navarra,demetrius.navarra@gmail.com,Seattle,Wyoming,7/15/2017
449,Julie,Mckechnie,julie.mckechnie@gmail.com,San Diego,Florida,10/17/2016
450,Herbert,Chason,herbert.chason@gmail.com,Chicago,Hawaii,6/28/1995
451,Omega,Parish,omega.parish@microsoft.com,Fort Worth,Delaware,5/26/1992
452,Rufus,Lachance,rufus.lachance@gmail.com,Houston,Minnesota,11/08/2012
453,Marge,Smithers,marge.smithers@hotmail.com,Charlotte,Florida,2/19/2006
454,Buddy,Grammer,buddy.grammer@gmail.com,Houston,South Dakota,10/06/1999
455,Omar,Mccalla,omar.mccalla@aol.com,Washington,Georgia,11/30/1998
456,Genna,Sirois,genna.sirois@walmart.com,New York,Indiana,5/19/2016
457,Leslie,Steinberger,leslie.steinberger@hotmail.co.uk,Chicago,Oregon,9/17/2005
458,Brandi,Rosenzweig,brandi.rosenzweig@gmail.com,San Antonio,Michigan,04/12/2012
459,Brenna,Girardi,brenna.girardi@yahoo.co.in,Phoenix,Virginia,12/02/2015
460,Ernie,Odell,ernie.odell@gmail.com,Fort Worth,Ohio,10/23/2015
461,Roseanna,Mccurdy,roseanna.mccurdy@yahoo.com,Fort Worth,Tennessee,04/05/2003
462,Yon,Edge,yon.edge@hotmail.com,Indianapolis,Maine,03/04/2016
463,Ruby,Erler,ruby.erler@yahoo.com,San Antonio,Vermont,03/02/2015
464,Fausto,Corp,fausto.corp@gmail.com,San Jose,Alaska,05/01/1991
465,Kittie,Deangelo,kittie.deangelo@aol.com,Los Angeles,California,8/20/1985
466,Caleb,Ormiston,caleb.ormiston@yahoo.com,Los Angeles,North Dakota,12/17/2016
467,Minda,Paylor,minda.paylor@yahoo.com,San Francisco,Idaho,3/17/2010
468,Trey,Drysdale,trey.drysdale@gmail.com,Seattle,New York,3/30/2006
469,Rodrigo,Stein,rodrigo.stein@yahoo.com,Charlotte,Missouri,4/23/2004
470,Jerald,Barrick,jerald.barrick@bp.com,Columbus,Nebraska,05/05/2013
471,Pandora,Sitz,pandora.sitz@shaw.ca,Dallas,Maryland,10/31/2010
472,Synthia,Moten,synthia.moten@yahoo.com,Seattle,Maine,6/26/2000
473,Claudie,Hyman,claudie.hyman@aol.com,Dallas,Minnesota,1/14/1996
474,Cinda,Iser,cinda.iser@bellsouth.net,Indianapolis,Missouri,7/27/1999
475,Demarcus,Deem,demarcus.deem@yahoo.ca,Los Angeles,Kentucky,06/05/2007
476,Perry,Byrom,perry.byrom@shell.com,Fort Worth,Iowa,9/24/2005
477,Bridget,Lakes,bridget.lakes@btinternet.com,Washington,Louisiana,02/10/2001
478,Justin,Petway,justin.petway@gmail.com,Austin,Iowa,04/12/2012
479,Delmar,Shows,delmar.shows@aol.com,Phoenix,Massachusetts,04/05/2003
480,Jazmine,Avelar,jazmine.avelar@gmail.com,Philadelphia,Colorado,10/28/2013
481,Randell,Clauson,randell.clauson@ibm.com,Austin,Georgia,3/16/2012
482,Petronila,Gately,petronila.gately@gmail.com,Indianapolis,Nevada,4/29/1998
483,Oleta,Humbert,oleta.humbert@gmail.com,Indianapolis,Minnesota,2/26/2016
484,Arden,Stanback,arden.stanback@yahoo.co.uk,Washington,Utah,5/18/2006
485,Augustus,Selig,augustus.selig@walmart.com,San Antonio,South Dakota,03/07/2017
486,Brice,Mannino,brice.mannino@outlook.com,San Francisco,Maryland,7/19/2017
487,Sonia,Lonon,sonia.lonon@hotmail.com,New York,New Jersey,6/19/2012
488,Willene,Blomquist,willene.blomquist@gmail.com,Chicago,Utah,6/29/2005
489,Richard,Dexter,richard.dexter@yahoo.com,Philadelphia,Florida,07/05/1999
490,Elenore,Abdo,elenore.abdo@yahoo.com,San Francisco,Arkansas,05/04/2015
491,Soraya,Mosser,soraya.mosser@hotmail.co.uk,New York,South Dakota,03/10/1992
492,Jenna,Whisenant,jenna.whisenant@bellsouth.net,Phoenix,Missouri,7/30/2013
493,Alla,Furman,alla.furman@hotmail.com,Philadelphia,Illinois,12/28/2010
494,Dewey,Vu,dewey.vu@gmail.com,Columbus,Utah,10/02/2012
495,Otelia,Luoma,otelia.luoma@btinternet.com,Chicago,Wyoming,12/01/2015
496,Christa,Norris,christa.norris@yahoo.co.in,San Diego,Wisconsin,1/26/1999
497,Britt,Eastman,britt.eastman@ibm.com,San Diego,Washington,1/16/2000
498,Rolland,Schuler,rolland.schuler@yahoo.ca,Houston,California,3/17/2004
499,Cathie,Dowell,cathie.dowell@yahoo.com,Chicago,New Mexico,6/18/1995
